{
    "Random Forests": {
        "MAE": 0.1311664558904117,
        "RMSE": 0.18719815371179788,
        "R_2 score": 0.9968563125114424
    },
    "AdaBoost": {
        "MAE": 0.1726238929103779,
        "RMSE": 0.2402215677969068,
        "R_2 score": 0.9948232136870138
    },
    "Gradient Boost": {
        "MAE": 0.13052772895715764,
        "RMSE": 0.18208134086495137,
        "R_2 score": 0.997025820811953
    },
    "Decision Tree": {
        "MAE": 0.16576115459882576,
        "RMSE": 0.22562713393237124,
        "R_2 score": 0.9954331273844109
    },
    "Linear Regressor": {
        "MAE": 0.15212180777685783,
        "RMSE": 0.2146643132086864,
        "R_2 score": 0.9958661382614263
    },
    "XGB Regressor": {
        "MAE": 0.1389222780213478,
        "RMSE": 0.20207257495596267,
        "R_2 score": 0.9963368812674328
    },
    "CatBoost": {
        "MAE": 0.15076387252182666,
        "RMSE": 0.21476993479093046,
        "R_2 score": 0.9958620692810943
    },
    "KNeighbours Regressor": {
        "MAE": 0.405594109589041,
        "RMSE": 0.5716505089032963,
        "R_2 score": 0.9706844913904518
    }
}